prompt,response
How do I place an order on ShopEase?,Simply browse the product you want and click 'Add to Cart'. Once you're done shopping go to your Cart and click 'Proceed to Checkout'. Enter your delivery address select a payment method and confirm your order. You'll receive an order confirmation SMS and email immediately.
Can I place an order without creating an account?,"Yes, you can checkout as a guest using just your email and phone number. However we recommend creating a free account so you can track your orders easily access your order history and save addresses for faster checkout next time."
How do I check my order status?,"Go to My Orders in your account dashboard. You'll see the current status of all your orders — Confirmed, Packed, Shipped, Out for Delivery, or Delivered. You can also click on any order to see detailed tracking with timestamps."
Can I change my delivery address after placing an order?,"You can change the delivery address only if the order has not been packed yet. Go to My Orders, select the order, and click 'Edit Address'. If the order is already packed or shipped, we are unable to change the address."
How do I cancel my order?,"Go to My Orders, select the order you want to cancel, and click 'Cancel Order'. You can cancel before the order is shipped. Once shipped, you'll need to refuse delivery or raise a return request after delivery. Refunds are processed within 5-7 business days."
What happens if I miss my delivery?,"Our delivery partner will attempt delivery up to 3 times. After 3 failed attempts the order will be returned to our warehouse and a full refund will be issued to your original payment method within 7-10 business days."
Can I schedule a delivery for a specific date and time?,"Yes, for select pin codes we offer scheduled delivery slots. During checkout you'll see an option to choose a preferred delivery date and time window. This is available for large appliances and furniture orders by default."
How long does standard delivery take?,"Standard delivery takes 3-7 business days depending on your location. Metro cities like Delhi Mumbai Bengaluru and Hyderabad typically receive orders in 2-3 days. Remote pin codes may take up to 7 days."
Do you offer same-day or express delivery?,"Yes, Same-Day Delivery is available for select products in major metro cities if you order before 12 PM. Express Delivery (next day) is available in 50+ cities. Look for the 'Express' or 'Same Day' badge on product pages."
How do I track my shipment?,"Once your order is shipped you will receive an SMS and email with a tracking link and AWB number. You can also go to My Orders and click 'Track' on any shipped order. We partner with BlueDart Delhivery Ekart and other leading courier partners."
My order shows delivered but I haven't received it. What do I do?,"Please check with your neighbours and building security first as sometimes packages are left with them. If still not found raise a 'Not Received' complaint in My Orders within 48 hours of the delivery update. Our team will investigate and resolve it within 3 business days."
What payment methods do you accept?,"We accept Credit Cards (Visa Mastercard Amex) Debit Cards Net Banking UPI (GPay PhonePe Paytm BHIM) ShopEase Wallet Cash on Delivery and EMI. We also accept Buy Now Pay Later via ZestMoney and LazyPay."
Is Cash on Delivery available?,"Yes, Cash on Delivery (COD) is available for most products under ₹50,000. COD may not be available for certain high-value electronics or in some pin codes. A nominal COD convenience fee of ₹29 is charged per order."
How do I pay using UPI?,"At checkout select UPI as your payment method and enter your UPI ID (e.g. yourname@gpay). You'll receive a payment request on your UPI app. Simply approve it and your order will be confirmed instantly. You can also scan the QR code shown on screen."
My payment failed but money was deducted. What happens now?,"If your payment failed but money was deducted from your account it will be automatically refunded within 5-7 business days. This is a common bank hold situation. If the refund doesn't arrive within 7 days please contact us with your transaction reference number."
Do you offer EMI options?,"Yes, No-Cost EMI is available on orders above ₹3,000 using HDFC ICICI SBI Axis and Kotak credit cards for 3 6 9 and 12 month tenures. Standard EMI with bank interest is available on all major credit cards. Select 'EMI' at checkout to see available options."
How do I use a coupon code?,"At checkout you'll see a field 'Apply Coupon Code'. Enter your code and click Apply. The discount will be deducted from your total. Only one coupon code can be applied per order. Make sure your cart meets the minimum order value for the coupon."
Why is my coupon code not working?,"Coupon codes may not work if: the order value is below the minimum required, the coupon has expired, the coupon is not valid for the products in your cart, or the coupon has already been used. Check the coupon terms or contact support for clarification."
Can I use multiple coupons on one order?,No. Only one coupon code can be applied per order. However you can combine a coupon with ShopEase Wallet cashback and bank-specific EMI offers simultaneously.
What is ShopEase Wallet and how do I use it?,"ShopEase Wallet is your in-app wallet where cashback rewards and refunds are credited. You can use Wallet balance for up to 100% of your order value at checkout. To top up your Wallet go to Account > ShopEase Wallet > Add Money."
How do I return a product?,"Go to My Orders select the delivered order and click 'Return'. Choose the item(s) you want to return select a reason and schedule a pickup. Our pickup agent will collect the item within 3-5 business days. Refund is initiated after quality check."
What is your return policy?,"Most products have a 7-day return window from the date of delivery. Electronics have a 10-day return window. Fashion and lifestyle products have a 30-day return window. Some categories like innerwear perishables and customised products are non-returnable."
What items are not eligible for return?,"The following items cannot be returned: innerwear and swimwear, perishable goods, customised or personalised products, digital downloads, items damaged due to misuse, and products missing original packaging or accessories."
How long does a refund take?,"Refunds are processed within 2 business days of the returned item passing quality check. After initiation it takes 3-5 business days for credit/debit card and net banking refunds and 1-2 business days for ShopEase Wallet and UPI refunds."
Will I get a full refund if I return my order?,"Yes, you will receive a full refund of the product price. Delivery charges are refunded only if the return is due to a defective product or wrong item delivered. COD convenience fees are non-refundable."
What if I received a damaged or defective product?,"We're sorry about that. Go to My Orders select the order and click 'Report Issue'. Choose 'Damaged' or 'Defective' and upload photos. We will arrange a replacement or full refund with free reverse pickup within 24 hours of your report."
What if I received the wrong product?,"Please go to My Orders and click 'Report Issue' on the order. Select 'Wrong Item Delivered' and upload a photo of what you received. We'll arrange a pickup and deliver the correct item or issue a full refund within 3-5 business days."
Can I exchange a product instead of returning it?,"Yes, exchange is available for fashion and footwear categories. Go to My Orders click 'Exchange' and select the new size or colour. Exchange is subject to availability. If the exact item is unavailable you'll receive a full refund."
How do I create a ShopEase account?,"Download the ShopEase app or visit our website. Click 'Sign Up' and enter your mobile number. You'll receive an OTP to verify. After verification fill in your name and email to complete registration. It's free and takes less than a minute."
How do I reset my password?,"On the login page click 'Forgot Password'. Enter your registered email or mobile number and click Submit. You'll receive an OTP or reset link. Follow the instructions to set a new password. For security change your password every 6 months."
How do I update my phone number or email on my account?,"Go to Account > Profile Settings. Click 'Edit' next to your phone number or email. Enter the new detail and verify via OTP. For security you cannot change your phone number more than once every 30 days."
How do I add or manage multiple delivery addresses?,"Go to Account > Saved Addresses. Click 'Add New Address' and fill in the details. You can save multiple addresses and mark one as default. During checkout you can select any saved address or add a new one."
How do I delete my ShopEase account?,"Go to Account > Settings > Delete Account. This action is permanent and will erase all your order history wishlist and wallet balance. Please make sure any pending orders are delivered and refunds are settled before deleting."
Are the products on ShopEase genuine and authentic?,"Yes, we have a strict seller verification process and zero-tolerance policy for fake products. All electronics come with brand warranty. If you ever receive a counterfeit product please report it immediately and we will issue a full refund and take action against the seller."
How do I know if a product is covered under warranty?,"The warranty information is mentioned on the product page under 'Warranty & Support'. Most electronics come with 1-year manufacturer warranty. Some premium products offer extended warranty options which you can purchase at checkout."
How do I claim warranty on a product I bought from ShopEase?,"For manufacturer warranty contact the brand's service center directly with your ShopEase invoice as proof of purchase. You can download your invoice from My Orders. For some categories like mobiles and laptops we also offer doorstep warranty service."
Can I buy extended warranty for my product?,"Yes, extended warranty plans are available for electronics and appliances at checkout or within 30 days of delivery. Go to My Orders select the product and click 'Buy Extended Warranty'. Plans are provided by Onsitego and OneAssist."
How do I contact ShopEase customer support?,"You can reach us via: Live Chat on the app (available 8AM-11PM) Call us at 1800-XXX-XXXX (toll free 9AM-9PM Mon-Sat) or Email us at support@shopease.in. For order issues the fastest way is to use the 'Help' button directly on your order in My Orders."
What are ShopEase's customer support hours?,"Our live chat and phone support are available from 9AM to 9PM Monday to Saturday. Email support is available 24x7 with responses within 12 hours. For urgent order issues like failed delivery or damaged products our team responds within 2 hours on chat."
How do I write a product review?,"Go to My Orders and find the delivered order. Click 'Rate & Review'. Give a star rating and write your experience. You can also upload photos or videos. Reviews help other customers make informed decisions and are published after moderation within 24 hours."
Can I edit or delete my review after posting?,"Yes, go to Account > My Reviews to see all your posted reviews. You can edit the text and rating or delete the review entirely. Note that once a review is deleted it cannot be recovered."
What is ShopEase Plus membership?,"ShopEase Plus is our premium membership at ₹499/year. Benefits include: Free delivery on all orders no minimum order value Free same-day delivery on eligible orders Early access to sales and exclusive member-only deals Priority customer support."
How do I subscribe to ShopEase Plus?,"Go to Account > ShopEase Plus and click 'Subscribe'. You can pay via any available payment method. Your benefits activate immediately after payment. You can also gift a Plus membership to friends and family."
How do I use the Wishlist feature?,"Click the heart icon on any product to add it to your Wishlist. Go to Account > Wishlist to view all saved items. You can share your wishlist or move items directly to your cart. You'll also receive alerts when wishlisted items go on sale."
What is ShopEase's price match policy?,"If you find the same product cheaper on Flipkart Amazon or Myntra within 24 hours of purchase contact us with the competitor link. We will match the price and refund the difference to your ShopEase Wallet. Price match is applicable on identical products sold by verified sellers."
How do I apply for a refund if I paid via COD?,"For COD orders refunds are issued as ShopEase Wallet credits by default. If you prefer a bank transfer go to My Orders > Refund Status > 'Refund to Bank Account' and enter your account details. Bank refunds take 5-7 business days."
Can I change or modify my order after it's placed?,"You can modify your order only if it has not been packed yet. Modifications allowed include: changing size or colour of fashion items and updating delivery address. To modify go to My Orders and click 'Modify Order'. You cannot add new items to an existing order."
How do I apply for seller registration on ShopEase?,"Visit seller.shopease.in and click 'Register as Seller'. You'll need your GST number bank account details and business PAN. Registration is free and approval takes 3-5 business days. Once approved you can list your products and start selling."
How do I check if a product is available in my pin code?,"On the product page enter your pin code in the 'Check Delivery' box. It will show you the available delivery dates and whether COD is available in your area. If the product is not deliverable to your pin code you'll see an option to get notified when it becomes available."
What should I do if my order is stuck in transit for too long?,"If your order has not moved for more than 5 days go to My Orders and click 'Help' on the order. Select 'Shipment Delayed'. Our team will investigate with the courier partner and update you within 24 hours. If the package is lost we'll issue a full refund or replacement."
How do I download my invoice for an order?,"Go to My Orders and select the order. Click 'Download Invoice'. The invoice will download as a PDF and will be sent to your registered email as well. This invoice can be used for warranty claims reimbursements and tax purposes."
Do you have a mobile app?,"Yes, the ShopEase app is available for free on Android (Google Play Store) and iOS (Apple App Store). The app offers a faster smoother shopping experience exclusive app-only deals and easy order tracking with push notifications."
How do I enable or disable notifications from ShopEase?,"On the app go to Account > Notification Settings. You can toggle on or off: order updates, delivery alerts, sale notifications, and promotional offers. You can also manage email notification preferences from Account > Email Preferences."
What is the minimum order value for free delivery?,"Free delivery is available on all orders above ₹499. For orders below ₹499 a delivery fee of ₹49 is charged. ShopEase Plus members get free delivery on all orders regardless of order value."
How do I report a seller for selling fake products?,"On the product page scroll down and click 'Report this Product'. Select 'Counterfeit or Fake Product' and provide details. You can also email trust@shopease.in. We take all such reports seriously and investigate within 48 hours. Sellers found guilty are permanently banned."
Can I buy in bulk or place a wholesale order?,"Yes, ShopEase Business is available for bulk orders. Visit business.shopease.in to register. Business accounts get exclusive bulk pricing dedicated account manager GST invoicing and priority fulfillment. Minimum order value for bulk pricing is ₹10,000."
How are product prices determined on ShopEase?,"Prices are set by individual sellers. ShopEase does not control seller pricing but we enforce the Maximum Retail Price (MRP) ceiling — sellers cannot charge above MRP. During sale events ShopEase may offer additional platform discounts on top of seller prices."
Is my payment information secure on ShopEase?,"Yes, ShopEase uses 256-bit SSL encryption for all transactions. We are PCI-DSS compliant which is the highest standard for payment security. We never store your full card details. All payments are processed through RBI-approved payment gateways."
How do I report a problem with the ShopEase app or website?,"Go to Account > Help > Report a Bug or email techsupport@shopease.in. Please include a screenshot and description of the issue. Our tech team reviews all reports and releases fixes regularly. You can also rate the app on Play Store or App Store."
What is the Big Billion Days sale and when does it happen?,"Big ShopEase Sale is our flagship annual sale event held every October. It features massive discounts across all categories exclusive bank offers flash deals and no-cost EMI on almost everything. Register for early access notifications on the sale page."
How do I know a sale is genuine and not fake inflated prices?,"ShopEase does not allow sellers to inflate prices before a sale. Our Price Tracker tool on each product page shows the price history for the last 90 days. You can verify that the sale price is a genuine discount compared to the regular price."
What is the return policy during sale periods?,"Return and refund policies remain the same during sale events. The standard 7-day return window for electronics and 30-day window for fashion still applies from the date of delivery. No special restrictions are added during sale periods."
How do I gift a product to someone else?,"Enter the recipient's address as the delivery address during checkout. You can add a personalised gift message in the 'Gift Options' section at checkout. The invoice showing price will not be included in the package — only a gift receipt will be sent."
Can I buy a gift card on ShopEase?,"Yes, ShopEase Gift Cards are available in denominations of ₹500 ₹1000 ₹2000 and ₹5000. They can be purchased and sent digitally via email or WhatsApp. Gift cards are valid for 1 year from the date of purchase and can be used for any product."
How do I redeem a gift card?,"At checkout click 'Apply Gift Card / Voucher' and enter the 16-digit code from your gift card. The balance will be applied to your order. You can use a gift card along with other payment methods if the order value is higher than the card balance."
What should I do if I forgot to apply a coupon before placing the order?,"Unfortunately coupons cannot be applied to orders after they are placed. We recommend always checking for available coupons on the Offers page before checkout. Some coupons are auto-applied at checkout if your cart is eligible."
How do I opt out of promotional emails and SMS from ShopEase?,"Go to Account > Communication Preferences and uncheck promotional emails and SMS. You can still receive transactional messages like order confirmations and delivery updates. Alternatively click 'Unsubscribe' at the bottom of any promotional email."
Are there any hidden charges on ShopEase?,"No, the price you see at checkout is final. It includes the product price delivery charges (if any) and any applicable taxes. All charges are displayed clearly before you confirm your order. There are no surprise fees."
How do I find the best deals on ShopEase?,"Visit the Deals page daily for top offers. You can also: follow brands for exclusive updates set price drop alerts on wishlisted products and check the 'Today's Deals' section on the homepage. Installing the app gives you access to app-exclusive prices."
What should I do if my account is hacked or compromised?,"Immediately change your password from Account > Settings > Change Password. If you cannot access your account contact us at security@shopease.in or call our helpline. We will lock your account review recent activity and restore your access securely."
Does ShopEase ship internationally?,"Currently ShopEase delivers only within India. We deliver to 27,000+ pin codes across all states. International shipping is not available at this time. If you are an NRI you can have orders delivered to your Indian address."
How does ShopEase handle my personal data?,"We collect only the data needed to process your orders and improve your experience. We never sell your personal data to third parties. You can request a full download or deletion of your data from Account > Privacy Settings. We are fully DPDP Act 2023 compliant."
What is Instant Refund on ShopEase?,"Instant Refund means your refund is credited to your ShopEase Wallet or source account within 30 minutes of our pickup agent collecting the returned item. This is available for eligible orders and saves you the usual 5-7 day wait."
How do I contact the seller directly?,"Go to the product page and click on the seller's name. You'll see a 'Contact Seller' button. You can send them a message about product specifications availability or custom orders. Seller response time is typically within 24 hours."
What is ShopEase's policy on product images and descriptions?,"Sellers are responsible for accurate product images and descriptions. If a product significantly differs from what was shown or described it qualifies for a free return and full refund. Report misleading listings via the 'Report Product' button on the product page."
How do I use the size guide for fashion products?,"On any clothing or footwear product page click 'Size Guide' near the size selector. It shows measurements in inches and centimeters for each size. We recommend measuring yourself and comparing with the brand's size chart for the best fit."
Can I pre-order products that are not yet released?,"Yes, pre-orders are available for select upcoming products especially in electronics and gaming. You pay at the time of pre-order and the product ships on its launch date. You can cancel a pre-order any time before it ships for a full refund."
What is the SuperCoin loyalty program?,"SuperCoins are reward points you earn on every purchase — 1 SuperCoin per ₹100 spent. Coins can be redeemed for discounts on future orders (1 coin = ₹1). ShopEase Plus members earn 2x SuperCoins. Coins are valid for 1 year from the date of earning."
How do I check my SuperCoin balance?,"Go to Account > SuperCoins to see your current balance coin history and expiry dates. You can also see how many coins you'll earn on a product before purchasing."
What happens to my coins if I return an order?,"SuperCoins earned on a returned order are deducted from your balance. If you used coins to pay for an order that was returned the coins are reinstated to your account. Expired coins cannot be reinstated."
